{"cameraMode":{"drawMode":0,"name":"Shaded","section":"Shading Mode"},"sceneLighting":false,"audioPlay":false,"sceneViewState":{"showFog":true,"showMaterialUpdate":false,"showSkybox":true,"showFlares":true,"showImageEffects":true,"showParticleSystems":true},"in2DMode":false,"pivot":{"x":-0.05300000309944153,"y":0.24000000953674317,"z":0.0},"rotation":{"x":0.03089066594839096,"y":-0.7464316487312317,"z":0.03473410755395889,"w":0.663836658000946},"size":4.707621097564697,"orthographic":true}