{"cameraMode":{"drawMode":0,"name":"Shaded","section":"Shading Mode"},"sceneLighting":false,"audioPlay":false,"sceneViewState":{"showFog":true,"showMaterialUpdate":false,"showSkybox":true,"showFlares":true,"showImageEffects":true,"showParticleSystems":true},"in2DMode":false,"pivot":{"x":17.078245162963868,"y":5.215669631958008,"z":0.0},"rotation":{"x":0.01499861292541027,"y":0.010498607531189919,"z":-0.00015749080921523273,"w":0.9998323917388916},"size":19.697465896606447,"orthographic":true}