{"cameraMode":{"drawMode":0,"name":"Shaded","section":"Shading Mode"},"sceneLighting":false,"audioPlay":false,"sceneViewState":{"showFog":true,"showMaterialUpdate":false,"showSkybox":true,"showFlares":true,"showImageEffects":true,"showParticleSystems":true},"in2DMode":false,"pivot":{"x":499.427001953125,"y":382.2195129394531,"z":0.0},"rotation":{"x":0.03299257531762123,"y":0.008994639851152897,"z":-0.0002967518230434507,"w":0.9994150996208191},"size":7.003157615661621,"orthographic":true}