{"cameraMode":{"drawMode":0,"name":"Shaded","section":"Shading Mode"},"sceneLighting":false,"audioPlay":false,"sceneViewState":{"showFog":true,"showMaterialUpdate":false,"showSkybox":true,"showFlares":true,"showImageEffects":true,"showParticleSystems":true},"in2DMode":false,"pivot":{"x":-1.3700000047683716,"y":4.599999904632568,"z":-0.5152740478515625},"rotation":{"x":0.11644095182418823,"y":-0.6761215925216675,"z":0.10945917665958405,"w":0.7192495465278626},"size":7.856065273284912,"orthographic":true}